<window id="4003" type="dialog">
    <defaultcontrol always="false">1</defaultcontrol>
    <allowoverlay>no</allowoverlay>
    <backgroundcolor>0000000</backgroundcolor>
    <!-- <views>50,51,509,510<views> -->
    <!-- <animation effect="fade" time="100">WindowOpen</animation> -->
    <!-- <animation effect="slide" end="0,576" time="100">WindowClose</animation> -->
    
    
    <!-- Open animation -->
    <animation type="WindowOpen">
    	<effect type="fade" time="150" />
    	<!-- <effect type="zoom" center="640,360" time="150" start="300,203" end="100,100" />  -->
    </animation>
    
    <animation effect="fade" time="1000">WindowClose</animation>
    
    
    
    <visible>true</visible>
    <zorder>1</zorder>
    <coordinates>
	    <posx></posx>
	    <posy></posy>
    </coordinates>
    <previouswindow></previouswindow>
    <useincludes>false</useincludes>
    
    <controls>
    	<!-- Background Overlay -->
    	<control type="image">
            <description>Background Overlay</description>
            <posx></posx>
            <posy></posy>
            <width>1280</width>
            <height>720</height>
            <visible>true</visible>
            <colordiffuse>80FFFFFF</colordiffuse>
            <fadetime></fadetime>
            <texture>album-dialog/overlay.png</texture>
            <aspectratio>stretch</aspectratio>
        </control>
        <control type="image">
            <description>Window bg shadow</description>
            <posx>264</posx>
            <posy>26</posy>
            <width>752</width>
            <height>668</height>
            <visible>true</visible>
            <colordiffuse>80FFFFFF</colordiffuse>
            <fadetime></fadetime>
            <texture>album-dialog/window-bg-shadow.png</texture>
            <aspectratio>stretch</aspectratio>
        </control>
        
        <!-- Window contents -->
        <control type="group" id="1">
            <description>Window container</description>
            <defaultcontrol>2</defaultcontrol>
            <visible>true</visible>
            <posx>276</posx>
            <posy>37</posy>
            <width>728</width>
            <height>647</height>
			
			<control type="image">
				<description>Window background</description>
				<width>728</width>
				<height>647</height>
				<visible>true</visible>
				<colordiffuse>FFFFFFFF</colordiffuse>
				<fadetime></fadetime>
				<texture>album-dialog/window-bg.png</texture>
				<aspectratio>stretch</aspectratio>
			</control>
            
			<!-- Inner window contents -->
            <control type="group" id="2">
	            <description>Window container</description>
	            <defaultcontrol>20</defaultcontrol>
	            <visible>true</visible>
	            <posx>16</posx>
	            <posy>16</posy>
	            <width>604</width>
	            <height>488</height>
	            
	            <control type="image" id="10">
		            <description>Album cover</description>
		            <posx></posx>
		            <posy></posy>
		            <width>120</width>
		            <height>120</height>
		            <visible>true</visible>
		            <colordiffuse>FFFFFFFF</colordiffuse>
		            <fadetime></fadetime>
		            <texture>http://farm3.static.flickr.com/2350/2184094749_e5323e8ec2_o.jpg</texture>
		            <aspectratio>stretch</aspectratio>
		        </control>
	            
	            <control type="label" id="11">
					<posx>140</posx>
					<posy></posy>
					<width>490</width>
					<height>36</height>
					<font>font35_title</font>
					<align>left</align>
					<label>Albumg Name</label>
					<textcolor>ff000000</textcolor>
				</control>
				
				<control type="label" id="12">
					<posx>140</posx>
					<posy>44</posy>
					<width>490</width>
					<height>20</height>
					<font>font24_title</font>
					<align>left</align>
					<label>A reasonably long artist name</label>
					<textcolor>ff969696</textcolor>
				</control>
				
				<control type="image">
		            <description>Tab content background</description>
		            <posx>-16</posx>
		            <posy>151</posy>
		            <width>728</width>
		            <height>417</height>
		            <visible>true</visible>
		            <colordiffuse>FFFFFFFF</colordiffuse>
		            <fadetime></fadetime>
		            <texture>album-dialog/tab-content-bg.png</texture>
		            <aspectratio>stretch</aspectratio>
		        </control>
				
				<control type="group" id="13">
					<description>Tab button group</description>
					<defaultcontrol>14</defaultcontrol>
					<visible>true</visible>
					<posx>0</posx>
					<posy>111</posy>
					<width>604</width>
					<height>35</height>
					
					<control type="togglebutton" id="14">
						<description>Track list tab</description>
						<posx>366</posx>
						<posy>0</posy>
						<width>159</width>
						<height>42</height>
						<visible>true</visible>
						<colordiffuse>FFFFFFFF</colordiffuse>
						<texturefocus>album-dialog/tab-inactive.png</texturefocus>
						<texturenofocus>album-dialog/tab-inactive.png</texturenofocus>
						<alttexturefocus>album-dialog/tab-active.png</alttexturefocus>
						<alttexturenofocus>album-dialog/tab-active.png</alttexturenofocus>
						<usealttexture>true</usealttexture>
						<label>Tracks</label>
						<font>font13</font>
						<textcolor>FF272727</textcolor>
						<align>center</align>
						<aligny>center</aligny>
						<textoffsetx></textoffsetx>
						<textoffsety></textoffsety>
						<pulseonselect>false</pulseonselect>
						<onclick>-</onclick>
						<onfocus>-</onfocus>
						<onup>-</onup>
						<ondown>20</ondown>
						<onleft>-</onleft>
						<onright>15</onright>
					</control>
					
					<control type="togglebutton" id="15">
						<description>Critics tab</description>
						<posx>540</posx>
						<posy>0</posy>
						<width>159</width>
						<height>42</height>
						<visible>true</visible>
						<colordiffuse>FFFFFFFF</colordiffuse>
						<texturefocus>album-dialog/tab-inactive.png</texturefocus>
						<texturenofocus>album-dialog/tab-inactive.png</texturenofocus>
						<alttexturefocus>album-dialog/tab-active.png</alttexturefocus>
						<alttexturenofocus>album-dialog/tab-active.png</alttexturenofocus>
						<usealttexture>false</usealttexture>
						<label>Critics</label>
						<font>font13</font>
						<textcolor>FF272727</textcolor>
						<align>center</align>
						<aligny>center</aligny>
						<textoffsetx></textoffsetx>
						<textoffsety></textoffsety>
						<pulseonselect>false</pulseonselect>
						<onclick>-</onclick>
						<onfocus>-</onfocus>
						<onup>-</onup>
						<ondown>20</ondown>
						<onleft>14</onleft>
						<onright>-</onright>
					</control>
				</control>
				
				<control type="group" id="20">
					<description>Tab content group</description>
					<defaultcontrol>21</defaultcontrol>
					<visible>true</visible>
					<posx></posx>
					<posy>168</posy>
					<width>728</width>
					<height>417</height>
					
					<control type="list" id="21">
						<description>Track list</description>
						<width>728</width>
						<height>400</height>
						<posx>-16</posx>
						<visible>true</visible>
						<onup>13</onup>
						<ondown>-</ondown>
						<onleft>-</onleft>
						<onright>15</onright>
						<viewtype label="list">list</viewtype>
						<orientation>vertical</orientation>
						<pagecontrol>22</pagecontrol>
						<scrolltime>200</scrolltime>
						
						<itemlayout width="728" height="50">
							<control type="image">
								<posy>0</posy>
								<width>728</width>
								<height>50</height>
								<texture>album-dialog/track-bg.png</texture>
							</control>
							<control type="label">
								<posx>20</posx>
								<posy>0</posy>
								<width>540</width>
								<height>50</height>
								<font>font13</font>
								<aligny>center</aligny>
								<align>left</align>
								<info>ListItem.Label</info>
								<textcolor>ff969696</textcolor>
							</control>
							<control type="label">
								<posx>690</posx>
								<posy>0</posy>
								<width>150</width>
								<height>50</height>
								<font>font13</font>
								<aligny>center</aligny>
								<align>right</align>
								<info>ListItem.Label2</info>
								<textcolor>ff969696</textcolor>
							</control>
						</itemlayout>
						<focusedlayout width="728" height="50">
							<!--
							<control type="image">
								<width>150</width>
								<height>150</height>
								<posx>0</posx>
								<posy>0</posy>
								<visible>Control.HasFocus(50)</visible>
								<texture>list-focus.png</texture>
							</control>
							-->
							<control type="image">
								<posy>0</posy>
								<width>728</width>
								<height>50</height>
								<texture>album-dialog/track-bg-selected.png</texture>
							</control>
							<control type="label">
								<posx>20</posx>
								<posy>0</posy>
								<width>540</width>
								<height>50</height>
								<font>font13</font>
								<aligny>center</aligny>
								<align>left</align>
								<info>ListItem.Label</info>
								<textcolor>ffffffff</textcolor>
							</control>
							<control type="label">
								<posx>690</posx>
								<posy>0</posy>
								<width>150</width>
								<height>50</height>
								<font>font13</font>
								<aligny>center</aligny>
								<align>right</align>
								<info>ListItem.Label2</info>
								<textcolor>ffffffff</textcolor>
							</control>
						</focusedlayout>
						<content>
							<item id="1">
								<label>First track</label>
								<label2>3:30</label2>
								<onclick>-</onclick>
							</item>
							<item id="2">
								<label>Second track</label>
								<label2>12:20</label2>
								<onclick>-</onclick>
							</item>
							<item id="3">
								<label>Trird track with long name</label>
								<label2>5:40</label2>
								<onclick>-</onclick>
							</item>
							<item id="4">
								<label>Trird track with long name</label>
								<label2>5:40</label2>
								<onclick>-</onclick>
							</item>
							<item id="5">
								<label>Trird track with long name</label>
								<label2>5:40</label2>
								<onclick>-</onclick>
							</item>
							<item id="6">
								<label>Trird track with long name</label>
								<label2>5:40</label2>
								<onclick>-</onclick>
							</item>
							<item id="7">
								<label>Trird track with long name</label>
								<label2>5:40</label2>
								<onclick>-</onclick>
							</item>
							<item id="8">
								<label>Trird track with long name</label>
								<label2>5:40</label2>
								<onclick>-</onclick>
							</item>
							<item id="9">
								<label>Trird track with long name</label>
								<label2>5:40</label2>
								<onclick>-</onclick>
							</item>
							<item id="10">
								<label>Trird track with long name</label>
								<label2>5:40</label2>
								<onclick>-</onclick>
							</item>
							<item id="11">
								<label>Trird track with long name</label>
								<label2>5:40</label2>
								<onclick>-</onclick>
							</item>
						</content>
					</control>
					
					<control type="scrollbar" id="22">
						<description>Track list scrollbar</description>
						<posx>690</posx>
						<posy>15</posy>
						<width>14</width>
						<height>364</height>
						<visible>true</visible>
						<texturesliderbackground>album-dialog/scrollbar-bg.png</texturesliderbackground>
						<texturesliderbar>album-dialog/scrollbar.png</texturesliderbar>
						<texturesliderbarfocus>album-dialog/scrollbar.png</texturesliderbarfocus>
						<textureslidernib></textureslidernib>
						<textureslidernibfocus></textureslidernibfocus>
						<pulseonselect></pulseonselect>
						<orientation>vertical</orientation>
						<showonepage>false</showonepage>
						<onup></onup>
						<ondown></ondown>
						<onleft></onleft>
						<onright></onright>
					</control>
				</control>
			</control>
        </control>
    </controls>
</window>
