<includes>
	<!-- Styles for buttons in the top menu -->
	<include name="spotimc_topmenu_option">
		<posx>0</posx>
		<posy>0</posy>
		<height>40</height>
		<colordiffuse>FFFFFFFF</colordiffuse>
		<texturefocus>main-menu/option-bg-focus.png</texturefocus>
		<texturenofocus>main-menu/option-bg.png</texturenofocus>
		<alttexturefocus>main-menu/option-bg-focus.png</alttexturefocus>
		<alttexturenofocus>main-menu/option-bg-inactive.png</alttexturenofocus>
		<font>spotimc_font24</font>
		<textcolor>FFFFFFFF</textcolor>
		<disabledcolor>80FFFFFF</disabledcolor>
		<align>center</align>
		<aligny>center</aligny>
		<textoffsetx>16</textoffsetx>
		<textoffsety>8</textoffsety>
		<pulseonselect>false</pulseonselect>
	</include>
	
	<include name="spotimc_nowplaying_text">
		<height>16</height>
		<visible>true</visible>
		<align>left</align>
		<aligny>center</aligny>
		<scroll>true</scroll>
		<scrollout>false</scrollout>
		<pauseatend>2000</pauseatend>
		<angle>0</angle>
		<haspath>false</haspath>
		<font>spotimc_font16</font>
		<textcolor>ffffffff</textcolor>
		<shadowcolor>00000000</shadowcolor>
		<wrapmultiline>false</wrapmultiline>
		<scrollspeed>50</scrollspeed>
	</include>
	
	<include name="spotimc_nowplaying_time">
		<height>16</height>
		<visible>true</visible>
		<align>left</align>
		<aligny>center</aligny>
		<scroll>false</scroll>
		<number></number>
		<angle>0</angle>
		<haspath>false</haspath>
		<font>spotimc_font14</font>
		<textcolor>ffffffff</textcolor>
		<shadowcolor>00000000</shadowcolor>
		<wrapmultiline>false</wrapmultiline>
		<scrollspeed>50</scrollspeed>
		<scrollsuffix>-</scrollsuffix>
	</include>
	
	
	<!-- Left menu styles -->
	<include name="spotimc_leftmenu_grouplist">
		<posx>16</posx>
		<posy>8</posy>
		<width>224</width>
		<height>688</height>
		<itemgap>8</itemgap>
		<pagecontrol></pagecontrol>
		<orientation>vertical</orientation>
		<usecontrolcoords>false</usecontrolcoords>
		<onup>-</onup>
		<ondown>-</ondown>
		<onleft>-</onleft>
	</include>
	
	
	<include name="spotimc_leftmenu_label">
		<posx>0</posx>
		<posy>0</posy>
		<width>224</width>
		<height>32</height>
		<font>spotimc_font20</font>
		<selectedcolor>ff545454</selectedcolor>
		<align>left</align>
		<aligny>center</aligny>
		<textcolor>ff545454</textcolor>
		<shadowcolor>00000000</shadowcolor>
	</include>
	
	<include name="spotimc_leftmenu_toggle">
		<posx>0</posx>
		<posy>0</posy>
		<width>224</width>
		<height>40</height>
		<colordiffuse>ffffffff</colordiffuse>
		<texturefocus>common/left-menu-toggle-off-focus.png</texturefocus>
		<texturenofocus>common/left-menu-toggle-off.png</texturenofocus>
		<alttexturefocus>common/left-menu-toggle-on-focus.png</alttexturefocus>
		<alttexturenofocus>common/left-menu-toggle-on.png</alttexturenofocus>
		<font>spotimc_font22</font>
		<textcolor>ffffffff</textcolor>
		<disabledcolor>ffffffff</disabledcolor>
		<align>left</align>
		<aligny>center</aligny>
		<textoffsetx>16</textoffsetx>
		<textoffsety></textoffsety>
		<pulseonselect>false</pulseonselect>
		<onfocus></onfocus>
		<onleft></onleft>
		<onright></onright>
		<onup></onup>
		<ondown></ondown>
	</include>
	
	<include name="spotimc_leftmenu_check">
		<posx>0</posx>
		<posy>0</posy>
		<width>224</width>
		<height>40</height>
		<colordiffuse>ffffffff</colordiffuse>
		<texturefocus>common/left-menu-check-off-focus.png</texturefocus>
		<texturenofocus>common/left-menu-check-off.png</texturenofocus>
		<alttexturefocus>common/left-menu-check-on-focus.png</alttexturefocus>
		<alttexturenofocus>common/left-menu-check-on.png</alttexturenofocus>
		<font>spotimc_font22</font>
		<textcolor>ffffffff</textcolor>
		<disabledcolor>ffffffff</disabledcolor>
		<align>left</align>
		<aligny>center</aligny>
		<textoffsetx>16</textoffsetx>
		<textoffsety></textoffsety>
		<pulseonselect>false</pulseonselect>
		<onfocus></onfocus>
		<onleft></onleft>
		<onright></onright>
		<onup></onup>
		<ondown></ondown>
	</include>
	
	<include name="spotimc_leftmenu_button">
		<posx>0</posx>
		<posy>0</posy>
		<width>224</width>
		<height>40</height>
		<visible>true</visible>
		<colordiffuse>FFFFFFFF</colordiffuse>
		<texturefocus>common/left-menu-button-focus.png</texturefocus>
		<texturenofocus>common/left-menu-button.png</texturenofocus>
		<font>spotimc_font22</font>
		<textcolor>ffffffff</textcolor>
		<disabledcolor>ffffffff</disabledcolor>
		<align>left</align>
		<aligny>center</aligny>
		<textoffsetx>16</textoffsetx>
		<textoffsety>0</textoffsety>
		<pulseonselect>False</pulseonselect>
		<onclick></onclick>
		<onfocus></onfocus>
		<onleft></onleft>
		<onright></onright>
		<onup></onup>
		<ondown></ondown>
	</include>

	
	
	<!-- General text styles -->
	<include name="spotimc_title">
		<width>auto</width>
		<height>16</height>
		<visible>true</visible>
		<align>left</align>
		<aligny>center</aligny>
		<scroll>false</scroll>
		<number></number>
		<angle>0</angle>
		<haspath>false</haspath>
		<font>spotimc_font22</font>
		<textcolor>ff969696</textcolor>
		<shadowcolor>00000000</shadowcolor>
		<wrapmultiline>false</wrapmultiline>
		<scrollspeed>50</scrollspeed>
		<scrollsuffix>-</scrollsuffix>
	</include>
	
	<include name="spotimc_subtitle">
		<width>auto</width>
		<height>16</height>
		<visible>true</visible>
		<align>left</align>
		<aligny>center</aligny>
		<scroll>false</scroll>
		<number></number>
		<angle>0</angle>
		<haspath>false</haspath>
		<font>spotimc_font20</font>
		<textcolor>ff969696</textcolor>
		<shadowcolor>00000000</shadowcolor>
		<wrapmultiline>false</wrapmultiline>
		<scrollspeed>50</scrollspeed>
		<scrollsuffix>-</scrollsuffix>
	</include>
	
	<!-- General text styles -->
	<include name="spotimc_title_grouped">
		<width min="16" max="512">auto</width>
		<height>32</height>
		<visible>true</visible>
		<align>left</align>
		<aligny>center</aligny>
		<scroll>false</scroll>
		<number></number>
		<angle>0</angle>
		<haspath>false</haspath>
		<font>spotimc_font22</font>
		<textcolor>ff969696</textcolor>
		<shadowcolor>00000000</shadowcolor>
		<wrapmultiline>false</wrapmultiline>
		<scrollspeed>50</scrollspeed>
		<scrollsuffix>-</scrollsuffix>
	</include>
	
	<!-- Default scrollbar style -->
	<include name="spotimc_scrollbar">
		<visible>true</visible>
		<texturesliderbackground>common/scrollbar-bg.png</texturesliderbackground>
		<texturesliderbar>common/scrollbar-slider.png</texturesliderbar>
		<texturesliderbarfocus>common/scrollbar-slider.png</texturesliderbarfocus>
		<textureslidernib></textureslidernib>
		<textureslidernibfocus></textureslidernibfocus>
		<pulseonselect></pulseonselect>
		<orientation>vertical</orientation>
		<showonepage>false</showonepage>
	</include>
	
	<include name="spotimc_scrollbar_always">
		<visible>true</visible>
		<texturesliderbackground>common/scrollbar-bg.png</texturesliderbackground>
		<texturesliderbar>common/scrollbar-slider.png</texturesliderbar>
		<texturesliderbarfocus>common/scrollbar-slider.png</texturesliderbarfocus>
		<textureslidernib></textureslidernib>
		<textureslidernibfocus></textureslidernibfocus>
		<pulseonselect></pulseonselect>
		<orientation>vertical</orientation>
		<showonepage>true</showonepage>
	</include>
	
	
	<!-- Styles for album grids -->
	<include name="spotimc_albumgrid">
		<width>1152</width>
		<height>528</height>
		<viewtype label="list">wrap</viewtype>
		<orientation>vertical</orientation>
		<scrolltime>200</scrolltime>
		<visible>true</visible>
		
		<itemlayout width="384" height="120">
			<control type="image">
				<posx>0</posx>
				<posy>0</posy>
				<width>368</width>
				<height>104</height>
				<texture>common/item-bg.png</texture>
				<aspectratio>stretch</aspectratio>
				<visible>!ListItem.Property(NoItems)</visible>
			</control>
			
			<!-- "No items" placeholder -->
			<control type="label">
				<posx>0</posx>
				<posy>0</posy>
				<width>256</width>
				<height>16</height>
				<font>spotimc_font20</font>
				<aligny>center</aligny>
				<align>left</align>
				<label>No albums</label>
				<textcolor>ffffffff</textcolor>
				<visible>ListItem.Property(NoItems)</visible>
			</control>
			
			<control type="image">
				<posx>8</posx>
				<posy>8</posy>
				<width>88</width>
				<height>88</height>
				<aspectratio>scale</aspectratio>
				<colordiffuse>ff969696</colordiffuse>
				<texture background="true">$INFO[ListItem.Icon]</texture>
			</control>
			<control type="label">
				<posx>104</posx>
				<posy>24</posy>
				<width>256</width>
				<height>16</height>
				<font>spotimc_font22</font>
				<aligny>center</aligny>
				<selectedcolor>green</selectedcolor>
				<align>left</align>
				<info>ListItem.Label</info>
				<textcolor>ffffffff</textcolor>
			</control>
			<control type="label">
				<posx>104</posx>
				<posy>64</posy>
				<width>256</width>
				<height>16</height>
				<font>spotimc_font20</font>
				<aligny>center</aligny>
				<align>left</align>
				<info>ListItem.Label2</info>
				<textcolor>ff969696</textcolor>
			</control>
		</itemlayout>
		
		<focusedlayout height="384" width="120">
			<control type="image">
				<posx>0</posx>
				<posy>0</posy>
				<width>368</width>
				<height>104</height>
				<texture>common/item-bg-selected.png</texture>
				<aspectratio>stretch</aspectratio>
				<visible>!ListItem.Property(NoItems)</visible>
			</control>
			
			<!-- "No items" placeholder -->
			<control type="label">
				<posx>0</posx>
				<posy>0</posy>
				<width>256</width>
				<height>16</height>
				<font>spotimc_font20</font>
				<aligny>center</aligny>
				<align>left</align>
				<label>No albums</label>
				<textcolor>ffffffff</textcolor>
				<visible>ListItem.Property(NoItems)</visible>
			</control>
			
			<control type="image">
				<posx>8</posx>
				<posy>8</posy>
				<width>88</width>
				<height>88</height>
				<aspectratio>scale</aspectratio>
				<colordiffuse>ffffffff</colordiffuse>
				<texture background="true">$INFO[ListItem.Icon]</texture>
			</control>
			<control type="label">
				<posx>104</posx>
				<posy>24</posy>
				<width>256</width>
				<height>16</height>
				<font>spotimc_font22</font>
				<aligny>center</aligny>
				<selectedcolor>green</selectedcolor>
				<align>left</align>
				<info>ListItem.Label</info>
				<textcolor>ffffffff</textcolor>
			</control>
			<control type="label">
				<posx>104</posx>
				<posy>64</posy>
				<width>256</width>
				<height>16</height>
				<font>spotimc_font20</font>
				<aligny>center</aligny>
				<align>left</align>
				<info>ListItem.Label2</info>
				<textcolor>ffffffff</textcolor>
			</control>
		</focusedlayout>
	</include>
	
	
	<!-- General small track list (Artist tracks, Album tracks, ...) -->
	<include name="spotimc_tracklist">
		<visible>true</visible>
		<viewtype label="3D list">list</viewtype>
		<orientation>vertical</orientation>
		<scrolltime tween="sine" easing="out">200</scrolltime>
		
		<itemlayout width="816" height="48">
			<control type="image">
				<posx>8</posx>
				<posy>8</posy>
				<width>32</width>
				<height>32</height>
				<texture>common/disc-icon.png</texture>
				<visible>ListItem.Property(IsDiscSeparator)</visible>
			</control>
			<control type="label">
				<posx>48</posx>
				<posy>8</posy>
				<width>64</width>
				<height>32</height>
				<textcolor>ffffffff</textcolor>
				<selectedcolor>ffffffff</selectedcolor>
				<font>spotimc_font32</font>
				<align>left</align>
				<aligny>center</aligny>
				<info>ListItem.Property(DiscNumber)</info>
				<visible>ListItem.Property(IsDiscSeparator)</visible>
			</control>
			<control type="image">
				<posx>0</posx>
				<posy>0</posy>
				<width>816</width>
				<height>46</height>
				<texture>common/item-bg.png</texture>
				<visible>!ListItem.Property(IsDiscSeparator)</visible>
			</control>
			<control type="image">
				<posx>12</posx>
				<posy>8</posy>
				<width>32</width>
				<height>32</height>
				<colordiffuse>ffffffff</colordiffuse>
				<texture>common/item-playing-icon.png</texture>
				<visible>ListItem.IsPlaying + Player.Playing</visible>
			</control>
			<control type="image">
				<posx>12</posx>
				<posy>8</posy>
				<width>32</width>
				<height>32</height>
				<colordiffuse>ffffffff</colordiffuse>
				<texture>common/item-paused-icon.png</texture>
				<visible>ListItem.IsPlaying + Player.Paused</visible>
			</control>
			<control type="image">
				<posx>0</posx>
				<posy>0</posy>
				<width>48</width>
				<height>48</height>
				<colordiffuse>ffffffff</colordiffuse>
				<texture>common/track-star-big.png</texture>
				<visible>SubString(ListItem.Property(IsStarred),true) + !ListItem.IsPlaying</visible>
			</control>
			<control type="label">
				<posx>80</posx>
				<posy>0</posy>
				<width>64</width>
				<height>46</height>
				<textcolor>ffffffff</textcolor>
				<selectedcolor>ffffffff</selectedcolor>
				<font>spotimc_font22</font>
				<align>right</align>
				<aligny>center</aligny>
				<label>$INFO[ListItem.TrackNumber].</label>
				<visible>!ListItem.Property(IsDiscSeparator)</visible>
			</control>
			<control type="label">
				<posx>96</posx>
				<posy>0</posy>
				<width>512</width>
				<height>46</height>
				<textcolor>ff969696</textcolor>
				<selectedcolor>ffffffff</selectedcolor>
				<font>spotimc_font22</font>
				<align>left</align>
				<aligny>center</aligny>
				<info>ListItem.Title</info>
			</control>
			<control type="image">
				<posx>624</posx>
				<posy>16</posy>
				<width>80</width>
				<height>16</height>
				<colordiffuse>ff969696</colordiffuse>
				<texture>common/rating-stars-$INFO[ListItem.Property(RatingPoints)].png</texture>
				<visible>!ListItem.Property(IsDiscSeparator)</visible>
			</control>
			<control type="label">
				<posx>800</posx>
				<posy>0</posy>
				<width>112</width>
				<height>46</height>
				<textcolor>ff969696</textcolor>
				<selectedcolor>ffffffff</selectedcolor>
				<font>spotimc_font22</font>
				<align>right</align>
				<aligny>center</aligny>
				<info>ListItem.Duration</info>
			</control>
			<control type="image">
				<posx>88</posx>
				<posy>0</posy>
				<width>520</width>
				<height>46</height>
				<texture>common/item-bg.png</texture>
				<visible>!ListItem.Property(IsDiscSeparator) + !ListItem.Property(IsAvailable)</visible>
				<colordiffuse>d8ffffff</colordiffuse>
			</control>
		</itemlayout>
		<focusedlayout width="816" height="48">
			<control type="image">
				<posx>8</posx>
				<posy>8</posy>
				<width>32</width>
				<height>32</height>
				<texture>common/disc-icon.png</texture>
				<visible>ListItem.Property(IsDiscSeparator)</visible>
			</control>
			<control type="label">
				<posx>48</posx>
				<posy>8</posy>
				<width>64</width>
				<height>32</height>
				<textcolor>ffffffff</textcolor>
				<selectedcolor>ffffffff</selectedcolor>
				<font>spotimc_font32</font>
				<align>left</align>
				<aligny>center</aligny>
				<info>ListItem.Property(DiscNumber)</info>
				<visible>ListItem.Property(IsDiscSeparator)</visible>
			</control>
			<control type="image">
				<posx>0</posx>
				<posy>0</posy>
				<width>816</width>
				<height>46</height>
				<texture>common/item-bg-selected.png</texture>
				<visible>!ListItem.Property(IsDiscSeparator)</visible>
			</control>
			<control type="image">
				<posx>12</posx>
				<posy>8</posy>
				<width>32</width>
				<height>32</height>
				<colordiffuse>ffffffff</colordiffuse>
				<texture>common/item-playing-icon.png</texture>
				<visible>ListItem.IsPlaying + Player.Playing + !SubString(ListItem.Property(IsStarred),true)</visible>
			</control>
			<control type="image">
				<posx>12</posx>
				<posy>8</posy>
				<width>32</width>
				<height>32</height>
				<colordiffuse>ffffffff</colordiffuse>
				<texture>common/item-paused-icon.png</texture>
				<visible>ListItem.IsPlaying + Player.Paused + !SubString(ListItem.Property(IsStarred),true)</visible>
			</control>
			<control type="image">
				<posx>0</posx>
				<posy>0</posy>
				<width>48</width>
				<height>48</height>
				<colordiffuse>ffffffff</colordiffuse>
				<texture>common/track-star-big.png</texture>
				<visible>SubString(ListItem.Property(IsStarred),true)</visible>
			</control>
			<control type="label">
				<posx>80</posx>
				<posy>0</posy>
				<width>64</width>
				<height>46</height>
				<textcolor>ffffffff</textcolor>
				<selectedcolor>ffffffff</selectedcolor>
				<font>spotimc_font22</font>
				<align>right</align>
				<aligny>center</aligny>
				<label>$INFO[ListItem.TrackNumber].</label>
				<visible>!ListItem.Property(IsDiscSeparator)</visible>
			</control>
			<control type="label">
				<posx>96</posx>
				<posy>0</posy>
				<width>512</width>
				<height>46</height>
				<textcolor>ffffffff</textcolor>
				<selectedcolor>ffffffff</selectedcolor>
				<font>spotimc_font22</font>
				<align>left</align>
				<aligny>center</aligny>
				<info>ListItem.Title</info>
				<visible>true</visible>
			</control>
			<control type="image">
				<posx>624</posx>
				<posy>16</posy>
				<width>80</width>
				<height>16</height>
				<colordiffuse>ffffffff</colordiffuse>
				<texture>common/rating-stars-$INFO[ListItem.Property(RatingPoints)].png</texture>
				<visible>!ListItem.Property(IsDiscSeparator)</visible>
			</control>
			<control type="label">
				<posx>800</posx>
				<posy>0</posy>
				<width>112</width>
				<height>46</height>
				<textcolor>ffffffff</textcolor>
				<selectedcolor>ffffffff</selectedcolor>
				<font>spotimc_font22</font>
				<align>right</align>
				<aligny>center</aligny>
				<info>ListItem.Duration</info>
			</control>
			<control type="image">
				<posx>88</posx>
				<posy>0</posy>
				<width>520</width>
				<height>46</height>
				<texture>common/item-bg-selected.png</texture>
				<visible>!ListItem.Property(IsDiscSeparator) + !ListItem.Property(IsAvailable)</visible>
				<colordiffuse>d8ffffff</colordiffuse>
			</control>
		</focusedlayout>
	</include>
	
	
	<!-- Wide list (Search, playlist detail, ...) -->
	<include name="spotimc_tracklist_wide">
		<visible>true</visible>
		<viewtype label="3D list">list</viewtype>
		<orientation>vertical</orientation>
		<scrolltime tween="sine" easing="out">200</scrolltime>
		
		<itemlayout width="1168" height="32">
			<control type="image">
				<posx>0</posx>
				<posy>2</posy>
				<width>1168</width>
				<height>30</height>
				<texture>common/item-bg.png</texture>
				<visible>!ListItem.Property(NoItems)</visible>
			</control>
			<control type="image">
				<posx>8</posx>
				<posy>1</posy>
				<width>32</width>
				<height>32</height>
				<colordiffuse>ffffffff</colordiffuse>
				<texture>common/tracklist-wide-playing-icon.png</texture>
				<visible>ListItem.IsPlaying + Player.Playing</visible>
			</control>
			<control type="image">
				<posx>8</posx>
				<posy>1</posy>
				<width>32</width>
				<height>32</height>
				<colordiffuse>ffffffff</colordiffuse>
				<texture>common/tracklist-wide-paused-icon.png</texture>
				<visible>ListItem.IsPlaying + Player.Paused</visible>
			</control>
			<control type="image">
				<posx>8</posx>
				<posy>1</posy>
				<width>32</width>
				<height>32</height>
				<colordiffuse>ffffffff</colordiffuse>
				<texture>common/tracklist-wide-paused-icon.png</texture>
				<visible>ListItem.IsPlaying + Player.Paused</visible>
			</control>
			<control type="image">
				<posx>8</posx>
				<posy>1</posy>
				<width>32</width>
				<height>32</height>
				<colordiffuse>ffffffff</colordiffuse>
				<texture>common/track-star-small.png</texture>
				<visible>SubString(ListItem.Property(IsStarred),true) + !ListItem.IsPlaying</visible>
			</control>
			<control type="label">
				<posx>48</posx>
				<posy>2</posy>
				<width>400</width>
				<height>30</height>
				<textcolor>ff969696</textcolor>
				<selectedcolor>ffffffff</selectedcolor>
				<font>spotimc_font20</font>
				<align>left</align>
				<aligny>center</aligny>
				<info>ListItem.Title</info>
				<visible>!ListItem.Property(NoItems)</visible>
			</control>
			<control type="label">
				<posx>464</posx>
				<posy>2</posy>
				<width>288</width>
				<height>30</height>
				<textcolor>ff969696</textcolor>
				<selectedcolor>ffffffff</selectedcolor>
				<font>spotimc_font20</font>
				<align>left</align>
				<aligny>center</aligny>
				<info>ListItem.Artist</info>
				<visible>!ListItem.Property(NoItems)</visible>
			</control>
			<control type="label">
				<posx>768</posx>
				<posy>2</posy>
				<width>288</width>
				<height>30</height>
				<textcolor>ff969696</textcolor>
				<selectedcolor>ffffffff</selectedcolor>
				<font>spotimc_font20</font>
				<align>left</align>
				<aligny>center</aligny>
				<info>ListItem.Album</info>
				<visible>!ListItem.Property(NoItems)</visible>
			</control>
			<control type="label">
				<posx>1056</posx>
				<posy>2</posy>
				<width>112</width>
				<height>30</height>
				<textcolor>ff969696</textcolor>
				<selectedcolor>ffffffff</selectedcolor>
				<font>spotimc_font20</font>
				<align>left</align>
				<aligny>center</aligny>
				<info>ListItem.Duration</info>
				<visible>!ListItem.Property(NoItems)</visible>
			</control>
			<control type="image">
				<posx>48</posx>
				<posy>2</posy>
				<width>416</width>
				<height>30</height>
				<texture>common/item-bg.png</texture>
				<visible>!ListItem.Property(IsAvailable)</visible>
				<colordiffuse>d8ffffff</colordiffuse>
				<visible>!ListItem.Property(NoItems)</visible>
			</control>
		</itemlayout>
		<focusedlayout width="1168" height="32">
			<control type="image">
				<posx>0</posx>
				<posy>2</posy>
				<width>1168</width>
				<height>30</height>
				<texture>common/item-bg-selected.png</texture>
				<visible>!ListItem.Property(NoItems)</visible>
			</control>
			<control type="image">
				<posx>8</posx>
				<posy>1</posy>
				<width>32</width>
				<height>32</height>
				<colordiffuse>ffffffff</colordiffuse>
				<texture>common/tracklist-wide-playing-icon.png</texture>
				<visible>ListItem.IsPlaying + Player.Playing + !SubString(ListItem.Property(IsStarred),true)</visible>
			</control>
			<control type="image">
				<posx>8</posx>
				<posy>1</posy>
				<width>32</width>
				<height>32</height>
				<colordiffuse>ffffffff</colordiffuse>
				<texture>common/tracklist-wide-paused-icon.png</texture>
				<visible>ListItem.IsPlaying + Player.Paused + !SubString(ListItem.Property(IsStarred),true)</visible>
			</control>
			<control type="image">
				<posx>8</posx>
				<posy>1</posy>
				<width>32</width>
				<height>32</height>
				<colordiffuse>ffffffff</colordiffuse>
				<texture>common/track-star-small.png</texture>
				<visible>SubString(ListItem.Property(IsStarred),true)</visible>
			</control>
			<control type="label">
				<posx>48</posx>
				<posy>2</posy>
				<width>400</width>
				<height>30</height>
				<textcolor>ffffffff</textcolor>
				<selectedcolor>ffffffff</selectedcolor>
				<font>spotimc_font20</font>
				<align>left</align>
				<aligny>center</aligny>
				<info>ListItem.Title</info>
				<visible>!ListItem.Property(NoItems)</visible>
			</control>
			<control type="label">
				<posx>464</posx>
				<posy>2</posy>
				<width>288</width>
				<height>30</height>
				<textcolor>ffffffff</textcolor>
				<selectedcolor>ffffffff</selectedcolor>
				<font>spotimc_font20</font>
				<align>left</align>
				<aligny>center</aligny>
				<info>ListItem.Artist</info>
				<visible>!ListItem.Property(NoItems)</visible>
			</control>
			<control type="label">
				<posx>768</posx>
				<posy>2</posy>
				<width>288</width>
				<height>30</height>
				<textcolor>ffffffff</textcolor>
				<selectedcolor>ffffffff</selectedcolor>
				<font>spotimc_font20</font>
				<align>left</align>
				<aligny>center</aligny>
				<info>ListItem.Album</info>
				<visible>!ListItem.Property(NoItems)</visible>
			</control>
			<control type="label">
				<posx>1056</posx>
				<posy>2</posy>
				<width>112</width>
				<height>30</height>
				<textcolor>ffffffff</textcolor>
				<selectedcolor>ffffffff</selectedcolor>
				<font>spotimc_font20</font>
				<align>left</align>
				<aligny>center</aligny>
				<info>ListItem.Duration</info>
				<visible>!ListItem.Property(NoItems)</visible>
			</control>
			<control type="image">
				<posx>48</posx>
				<posy>2</posy>
				<width>416</width>
				<height>30</height>
				<texture>common/item-bg-selected.png</texture>
				<visible>!ListItem.Property(IsAvailable)</visible>
				<colordiffuse>d8ffffff</colordiffuse>
				<visible>!ListItem.Property(NoItems)</visible>
			</control>
		</focusedlayout>
	</include>
	
	
	<!-- Track list header -->
	<include name="spotimc_tracklist_wide_header">
		<description>Track list header</description>
		<defaultcontrol></defaultcontrol>
		
		<control type="image">
			<posx>0</posx>
			<posy>0</posy>
			<width>1168</width>
			<height>32</height>
			<texture>common/list-header-bg.png</texture>
		</control>
		<control type="label">
			<posx>48</posx>
			<posy>0</posy>
			<width>400</width>
			<height>32</height>
			<textcolor>ff969696</textcolor>
			<font>spotimc_font20</font>
			<align>left</align>
			<aligny>center</aligny>
			<label>Track</label>
		</control>
		<control type="label">
			<posx>464</posx>
			<posy>0</posy>
			<width>288</width>
			<height>32</height>
			<textcolor>ff969696</textcolor>
			<font>spotimc_font20</font>
			<align>left</align>
			<aligny>center</aligny>
			<label>Artist</label>
		</control>
		<control type="label">
			<posx>768</posx>
			<posy>0</posy>
			<width>288</width>
			<height>32</height>
			<textcolor>ff969696</textcolor>
			<font>spotimc_font20</font>
			<align>left</align>
			<aligny>center</aligny>
			<label>Album</label>
		</control>
		<control type="label">
			<posx>1056</posx>
			<posy>0</posy>
			<width>112</width>
			<height>32</height>
			<textcolor>ff969696</textcolor>
			<font>spotimc_font20</font>
			<align>left</align>
			<aligny>center</aligny>
			<label>Duration</label>
		</control>
	</include>
	
	
	<!-- Playlist list -->
	<include name="spotimc_playlist_list">
		<visible>true</visible>
		<viewtype label="3D list">list</viewtype>
		<orientation>vertical</orientation>
		<scrolltime tween="sine" easing="out">200</scrolltime>
		
		<itemlayout width="592" height="160">
			<control type="image">
				<posx>0</posx>
				<posy>0</posy>
				<width>576</width>
				<height>144</height>
				<texture>common/item-bg.png</texture>
			</control>
			
			
			<!-- Playlist name (no owner info) -->
			<control type="label">
				<posx>160</posx>
				<posy>40</posy>
				<width>400</width>
				<height>16</height>
				<textcolor>ffffffff</textcolor>
				<font>spotimc_font24</font>
				<align>left</align>
				<aligny>center</aligny>
				<info>ListItem.Property(PlaylistName)</info>
				<visible>!ListItem.Property(PlaylistShowOwner)</visible>
			</control>
			
			<!-- Playlist name plus owner info -->
			<control type="label">
                <posx>160</posx>
                <posy>40</posy>
                <width>400</width>
                <height>16</height>
                <textcolor>ff969696</textcolor>
                <font>spotimc_font24</font>
                <align>left</align>
                <aligny>center</aligny>
                <label>[COLOR ffffffff]$INFO[ListItem.Property(PlaylistName)][/COLOR] by $INFO[ListItem.Property(PlaylistOwner)]</label>
                <visible>ListItem.Property(PlaylistShowOwner)</visible>
            </control>
			
			
			<control type="label">
				<posx>160</posx>
				<posy>80</posy>
				<width>400</width>
				<height>16</height>
				<textcolor>ff969696</textcolor>
				<font>spotimc_font22</font>
				<align>left</align>
				<aligny>center</aligny>
				<label>$INFO[ListItem.Property(PlaylistNumTracks)] tracks</label>
			</control>
			
			<!-- Individual cover image (remote) -->
			<control type="image">
				<posx>8</posx>
				<posy>8</posy>
				<width>128</width>
				<height>128</height>
				<visible>SubString(ListItem.Property(CoverLayout),one) + ListItem.Property(CoverItem1IsRemote)</visible>
				<aspectratio>scale</aspectratio>
				<colordiffuse>ff969696</colordiffuse>
				<texture background="true">$INFO[ListItem.Property(CoverItem1)]</texture>
			</control>
			
			<!-- Individual cover image (local) -->
			<control type="image">
				<posx>8</posx>
				<posy>8</posy>
				<width>128</width>
				<height>128</height>
				<visible>SubString(ListItem.Property(CoverLayout),one) + !ListItem.Property(CoverItem1IsRemote)</visible>
				<aspectratio>scale</aspectratio>
				<colordiffuse>ff969696</colordiffuse>
				<texture>$INFO[ListItem.Property(CoverItem1)]</texture>
			</control>
			
			<!-- Four cover image group -->
			<control type="image">
				<posx>8</posx>
				<posy>8</posy>
				<width>64</width>
				<height>64</height>
				<visible>SubString(ListItem.Property(CoverLayout),four)</visible>
				<aspectratio>scale</aspectratio>
				<colordiffuse>ff969696</colordiffuse>
				<texture background="true">$INFO[ListItem.Property(CoverItem1)]</texture>
			</control>
			<control type="image">
				<posx>72</posx>
				<posy>8</posy>
				<width>64</width>
				<height>64</height>
				<visible>SubString(ListItem.Property(CoverLayout),four)</visible>
				<aspectratio>scale</aspectratio>
				<colordiffuse>ff969696</colordiffuse>
				<texture background="true">$INFO[ListItem.Property(CoverItem2)]</texture>
			</control>
			<control type="image">
				<posx>8</posx>
				<posy>72</posy>
				<width>64</width>
				<height>64</height>
				<visible>SubString(ListItem.Property(CoverLayout),four)</visible>
				<aspectratio>scale</aspectratio>
				<colordiffuse>ff969696</colordiffuse>
				<texture background="true">$INFO[ListItem.Property(CoverItem3)]</texture>
			</control>
			<control type="image">
				<posx>72</posx>
				<posy>72</posy>
				<width>64</width>
				<height>64</height>
				<visible>SubString(ListItem.Property(CoverLayout),four)</visible>
				<aspectratio>scale</aspectratio>
				<colordiffuse>ff969696</colordiffuse>
				<texture background="true">$INFO[ListItem.Property(CoverItem4)]</texture>
			</control>
			
			<!-- Collaborative status flag -->
			<control type="image">
				<posx>0</posx>
				<posy>80</posy>
				<width>64</width>
				<height>64</height>
				<texture>common/playlist-collaborative.png</texture>
				<visible>ListItem.Property(PlaylistCollaborative)</visible>
			</control>
		</itemlayout>
		
		<focusedlayout width="592" height="160">
			<control type="image">
				<posx>0</posx>
				<posy>0</posy>
				<width>576</width>
				<height>144</height>
				<texture>common/item-bg-selected.png</texture>
			</control>
			
            <!-- Playlist name (no owner info) -->
            <control type="label">
                <posx>160</posx>
                <posy>40</posy>
                <width>400</width>
                <height>16</height>
                <textcolor>ffffffff</textcolor>
                <font>spotimc_font24</font>
                <align>left</align>
                <aligny>center</aligny>
                <info>ListItem.Property(PlaylistName)</info>
                <visible>!ListItem.Property(PlaylistShowOwner)</visible>
            </control>
            
            <!-- Playlist name plus owner info -->
            <control type="label">
                <posx>160</posx>
                <posy>40</posy>
                <width>400</width>
                <height>16</height>
                <textcolor>ffffffff</textcolor>
                <font>spotimc_font24</font>
                <align>left</align>
                <aligny>center</aligny>
                <label>$INFO[ListItem.Property(PlaylistName)] by $INFO[ListItem.Property(PlaylistOwner)]</label>
                <visible>ListItem.Property(PlaylistShowOwner)</visible>
            </control>
			
			
			<control type="label">
				<posx>160</posx>
				<posy>80</posy>
				<width>400</width>
				<height>16</height>
				<textcolor>ffffffff</textcolor>
				<font>spotimc_font22</font>
				<align>left</align>
				<aligny>center</aligny>
				<label>$INFO[ListItem.Property(PlaylistNumTracks)] tracks</label>
			</control>
			
			<!-- Individual cover image (remote) -->
			<control type="image">
				<posx>8</posx>
				<posy>8</posy>
				<width>128</width>
				<height>128</height>
				<visible>SubString(ListItem.Property(CoverLayout),one) + ListItem.Property(CoverItem1IsRemote)</visible>
				<aspectratio>scale</aspectratio>
				<colordiffuse>ffffffff</colordiffuse>
				<texture background="true">$INFO[ListItem.Property(CoverItem1)]</texture>
			</control>
			
			<!-- Individual cover image (local) -->
			<control type="image">
				<posx>8</posx>
				<posy>8</posy>
				<width>128</width>
				<height>128</height>
				<visible>SubString(ListItem.Property(CoverLayout),one) + !ListItem.Property(CoverItem1IsRemote)</visible>
				<aspectratio>scale</aspectratio>
				<colordiffuse>ffffffff</colordiffuse>
				<texture>$INFO[ListItem.Property(CoverItem1)]</texture>
			</control>
			
			<!-- Four cover image group -->
			<control type="image">
				<posx>8</posx>
				<posy>8</posy>
				<width>64</width>
				<height>64</height>
				<visible>SubString(ListItem.Property(CoverLayout),four)</visible>
				<aspectratio>scale</aspectratio>
				<colordiffuse>ffffffff</colordiffuse>
				<texture background="true">$INFO[ListItem.Property(CoverItem1)]</texture>
			</control>
			<control type="image">
				<posx>72</posx>
				<posy>8</posy>
				<width>64</width>
				<height>64</height>
				<visible>SubString(ListItem.Property(CoverLayout),four)</visible>
				<aspectratio>scale</aspectratio>
				<colordiffuse>ffffffff</colordiffuse>
				<texture background="true">$INFO[ListItem.Property(CoverItem2)]</texture>
			</control>
			<control type="image">
				<posx>8</posx>
				<posy>72</posy>
				<width>64</width>
				<height>64</height>
				<visible>SubString(ListItem.Property(CoverLayout),four)</visible>
				<aspectratio>scale</aspectratio>
				<colordiffuse>ffffffff</colordiffuse>
				<texture background="true">$INFO[ListItem.Property(CoverItem3)]</texture>
			</control>
			<control type="image">
				<posx>72</posx>
				<posy>72</posy>
				<width>64</width>
				<height>64</height>
				<visible>SubString(ListItem.Property(CoverLayout),four)</visible>
				<aspectratio>scale</aspectratio>
				<colordiffuse>ffffffff</colordiffuse>
				<texture background="true">$INFO[ListItem.Property(CoverItem4)]</texture>
			</control>
			
			<!-- Collaborative status flag -->
			<control type="image">
				<posx>0</posx>
				<posy>80</posy>
				<width>64</width>
				<height>64</height>
				<texture>common/playlist-collaborative.png</texture>
				<visible>ListItem.Property(PlaylistCollaborative)</visible>
			</control>
		</focusedlayout>
	</include>
	
	
	<!-- Playlist list -->
	<include name="spotimc_extras_list">
		<visible>true</visible>
		<viewtype label="3D list">list</viewtype>
		<orientation>vertical</orientation>
		<scrolltime tween="sine" easing="out">200</scrolltime>
		
		<itemlayout width="608" height="168">
			<control type="image">
				<posx>0</posx>
				<posy>0</posy>
				<width>576</width>
				<height>144</height>
				<texture>common/item-bg.png</texture>
			</control>
			<control type="image">
				<posx>32</posx>
				<posy>32</posy>
				<width>80</width>
				<height>80</height>
				<info>ListItem.Icon</info>
				<colordiffuse>ff969696</colordiffuse>
			</control>
			<control type="label">
				<posx>144</posx>
				<posy>40</posy>
				<width>416</width>
				<height>64</height>
				<textcolor>ff969696</textcolor>
				<font>spotimc_font60</font>
				<align>left</align>
				<aligny>center</aligny>
				<info>ListItem.Label</info>
			</control>
		</itemlayout>
		<focusedlayout width="608" height="168">
			<control type="image">
				<posx>0</posx>
				<posy>0</posy>
				<width>576</width>
				<height>144</height>
				<texture>common/item-bg-selected.png</texture>
			</control>
			<control type="image">
				<posx>32</posx>
				<posy>32</posy>
				<width>80</width>
				<height>80</height>
				<info>ListItem.Icon</info>
				<colordiffuse>ffffffff</colordiffuse>
			</control>
			<control type="label">
				<posx>144</posx>
				<posy>40</posy>
				<width>416</width>
				<height>64</height>
				<textcolor>ffffffff</textcolor>
				<font>spotimc_font60</font>
				<align>left</align>
				<aligny>center</aligny>
				<info>ListItem.Label</info>
			</control>
		</focusedlayout>
	</include>
	
	
	<!-- General styles for album covers -->
	<include name="spotimc_albumcover">
		<visible>true</visible>
		<colordiffuse>FFFFFFFF</colordiffuse>
		<fadetime>200</fadetime>
		<bordertexture>common/item-bg.png</bordertexture>
		<bordersize>4</bordersize>
		<aspectratio>stretch</aspectratio>
	</include>
	
	
	<!-- Player buttons -->
	<include name="spotimc_nowplaying_player_button">
		<posx>0</posx>
		<posy>0</posy>
		<width>64</width>
		<height>64</height>
		<visible>true</visible>
		<colordiffuse>FFFFFFFF</colordiffuse>
		<label></label>
		<font>spotimc_font20</font>
		<textcolor>FFFFFFFF</textcolor>
		<disabledcolor>80FFFFFF</disabledcolor>
	</include>
	
	<include name="spotimc_nowplaying_button">
		<posx>0</posx>
		<posy>0</posy>
		<width>240</width>
		<height>48</height>
		<visible>true</visible>
		<colordiffuse>FFFFFFFF</colordiffuse>
		<font>spotimc_font20</font>
		<textcolor>ff969696</textcolor>
		<focusedcolor>ffffffff</focusedcolor>
		<disabledcolor>80FFFFFF</disabledcolor>
		<textoffsetx>48</textoffsetx>
	</include>
	
	
	<!-- Login form styles -->
	<include name="spotimc_login_inputlabel">
		<width>416</width>
		<height>16</height>
		<font>spotimc_font20</font>
		<selectedcolor></selectedcolor>
		<textcolor>ff6a1b00</textcolor>
		<shadowcolor>00000000</shadowcolor>
		<align>left</align>
	</include>
	
	<include name="spotimc_login_textinput">
		<width>416</width>
		<height>40</height>
		<visible>true</visible>
		<colordiffuse>ffffffff</colordiffuse>
		<texturefocus>common/login-field-focus.png</texturefocus>
		<texturenofocus>common/login-field.png</texturenofocus>
		<font>spotimc_font22</font>
		<textcolor>ffffffff</textcolor>
		<focusedcolor>ff6a1b00</focusedcolor>
		<disabledcolor>ffffffff</disabledcolor>
		<align>left</align>
		<aligny>center</aligny>
		<textoffsetx>16</textoffsetx>
		<textoffsety>0</textoffsety>
		<pulseonselect>False</pulseonselect>
	</include>
	
	<include name="spotimc_login_toggle">
		<width>32</width>
		<height>32</height>
		<visible>true</visible>
		<colordiffuse>FFFFFFFF</colordiffuse>
		<texturefocus>common/login-toggle-off-focus.png</texturefocus>
		<texturenofocus>common/login-toggle-off.png</texturenofocus>
		<alttexturefocus>common/login-toggle-on-focus.png</alttexturefocus>
		<alttexturenofocus>common/login-toggle-on.png</alttexturenofocus>
		<font>font12</font>
		<textcolor>FFFFFFFF</textcolor>
		<disabledcolor>FFFFFFFF</disabledcolor>
		<align>left</align>
		<aligny>center</aligny>
		<textoffsetx>-1000</textoffsetx>
		<textoffsety>-1000</textoffsety>
		<pulseonselect>false</pulseonselect>
	</include>
	
	<include name="spotimc_login_button">
		<width>160</width>
		<height>40</height>
		<visible>true</visible>
		<colordiffuse>ffffffff</colordiffuse>
		<texturefocus>common/login-button-focus.png</texturefocus>
		<texturenofocus>common/login-button.png</texturenofocus>
		<font>spotimc_font22</font>
		<focusedcolor>ff6a1b00</focusedcolor>
		<disabledcolor>ffffffff</disabledcolor>
		<align>center</align>
		<aligny>center</aligny>
		<textoffsetx>16</textoffsetx>
		<textoffsety>0</textoffsety>
		<pulseonselect>False</pulseonselect>
	</include>
	
	
	<!-- Common dialog styles -->
	<include name="spotimc_dialog_border">
		<visible>true</visible>
		<colordiffuse>80ffffff</colordiffuse>
		<fadetime></fadetime>
		<texture border="16">common/dialog-border.png</texture>
		<aspectratio>stretch</aspectratio>
	</include>
	
	<include name="spotimc_dialog_bg">
		<visible>true</visible>
		<colordiffuse>ffffffff</colordiffuse>
		<fadetime></fadetime>
		<texture border="16,64,16,64">common/dialog-bg.png</texture>
		<aspectratio>stretch</aspectratio>
	</include>
	
	<include name="spotimc_dialog_title">
		<posx>0</posx>
		<posy>0</posy>
		<height>64</height>
		<font>spotimc_font24</font>
		<align>left</align>
		<aligny>center</aligny>
		<selectedcolor></selectedcolor>
		<textoffsetx>24</textoffsetx>
		<textcolor>ff545454</textcolor>
	</include>
	
	<include name="spotimc_dialog_button">
		<width>144</width>
		<height>40</height>
		<visible>true</visible>
		<colordiffuse>ffffffff</colordiffuse>
		<texturefocus>common/dialog-button-focus.png</texturefocus>
		<texturenofocus>common/dialog-button.png</texturenofocus>
		<font>spotimc_font22</font>
		<textcolor>ffffffff</textcolor>
		<focusedcolor>ffffffff</focusedcolor>
		<disabledcolor>ffffffff</disabledcolor>
		<align>center</align>
		<aligny>center</aligny>
		<textoffsetx>16</textoffsetx>
		<textoffsety>0</textoffsety>
		<pulseonselect>False</pulseonselect>
	</include>
	
	<include name="spotimc_dialog_list">
		<visible>true</visible>
		<viewtype label="3D list">list</viewtype>
		<orientation>vertical</orientation>
		<scrolltime tween="sine" easing="out">200</scrolltime>
		
		<itemlayout width="512" height="56">
			<control type="image">
				<posx>8</posx>
				<posy>4</posy>
				<width>480</width>
				<height>48</height>
				<texture border="8">common/dialog-button.png</texture>
			</control>
			<control type="label">
				<posx>8</posx>
				<posy>4</posy>
				<width>464</width>
				<height>48</height>
				<textcolor>ffffffff</textcolor>
				<textoffsetx>16</textoffsetx>
				<font>spotimc_font22</font>
				<align>left</align>
				<aligny>center</aligny>
				<info>ListItem.Label</info>
			</control>
		</itemlayout>
		<focusedlayout width="512" height="56">
			<control type="image">
				<posx>8</posx>
				<posy>4</posy>
				<width>480</width>
				<height>48</height>
				<texture border="8">common/dialog-button-focus.png</texture>
			</control>
			<control type="label">
				<posx>8</posx>
				<posy>4</posy>
				<width>464</width>
				<height>48</height>
				<textcolor>ffffffff</textcolor>
				<textoffsetx>16</textoffsetx>
				<font>spotimc_font22</font>
				<align>left</align>
				<aligny>center</aligny>
				<info>ListItem.Label</info>
			</control>
		</focusedlayout>
	</include>
</includes>
