<?xml version="1.0" encoding="UTF-8" standalone="yes"?>
<addon id="plugin.video.fss" name="FlashSportStreams" version="1.4.2" provider-name="myksterx and mclog">
    <requires>
        <import addon="xbmc.python" version="1.0"/>
    </requires>
    <extension point="xbmc.python.pluginsource" library="default.py">
        <provides>video</provides>
    </extension>
    <extension point="xbmc.addon.metadata">
        <platform>all</platform>
        <minversion>31632</minversion>
        <summary lang="en">Watch FlashSportStreams.com with XBMC</summary>        
        <description lang="en">Watch premium sports streaming services with XBMC. Requires a FlashSportStreams user account. See http://www.flashsportstreams.tv for more details.</description>
        <disclaimer lang="en">This plugin may not be legal in your country. Please check local laws before use.</disclaimer>
    </extension>
</addon>
