﻿<scraperfunctions>
	<!-- Get Rotten Tomatoes URL from IMDb ID for ratings -->
	<GetRTRatingById dest="5">
		<RegExp input="$$1" output="&lt;details&gt;&lt;url function=&quot;ParseRT$$10&quot; cache=&quot;\1-rt.html&quot;&gt;http://www.rottentomatoes.com/alias?type=imdbid&amp;s=\1&lt;/url&gt;&lt;/details&gt;" dest="5">
			<RegExp input="$INFO[tomato]" output="Tom" dest="10">
				<expression>TomatoMeter</expression>
			</RegExp>
			<RegExp input="$INFO[tomato]" output="Ave" dest="10">
				<expression>Average Rating</expression>
			</RegExp>
			<RegExp input="$INFO[allcritics]" output="All" dest="10+">
				<expression>All Critics</expression>
			</RegExp>
			<RegExp input="$INFO[allcritics]" output="Top" dest="10+">
				<expression>Top Critics</expression>
			</RegExp>
			<expression>([0-9]{7})</expression>
		</RegExp>
	</GetRTRatingById>

	<!-- Get Rotten Tomatoes URL from IMDb ID for outline -->
	<GetRTOutlineById dest="5">
		<RegExp input="$$1" output="&lt;details&gt;&lt;url function=&quot;ParseRTOutline&quot; cache=&quot;\1-rt.html&quot;&gt;http://www.rottentomatoes.com/alias?type=imdbid&amp;s=\1&lt;/url&gt;&lt;/details&gt;" dest="5">
			<expression>([0-9]{7})</expression>
		</RegExp>
	</GetRTOutlineById>

	<!-- TomatoMeter from All Critics -->
	<ParseRTTomAll dest="5">
		<RegExp input="$$1" output="&lt;details&gt;&lt;rating max=&quot;100&quot;&gt;\1&lt;/rating&gt;&lt;votes&gt;\2&lt;/votes&gt;&lt;/details&gt;" dest="5">
			<expression noclean="1">&quot;all-critics-numbers&quot;.*?([0-9]+).*?Reviews Counted:.*?([0-9]+)</expression>
		</RegExp>
	</ParseRTTomAll>

	<!-- TomatoMeter from Top Critics -->
	<ParseRTTomTop dest="5">
		<!--Grabs All Critics first in case Top Critics is empty-->
		<RegExp input="$$1" output="&lt;details&gt;&lt;rating max=&quot;100&quot;&gt;\1&lt;/rating&gt;&lt;votes&gt;\2&lt;/votes&gt;&lt;/details&gt;" dest="5">
			<expression noclean="1">&quot;all-critics-numbers&quot;.*?([0-9]+).*?Reviews Counted:.*?([0-9]+)</expression>
		</RegExp>
		<RegExp input="$$1" output="&lt;details&gt;&lt;rating max=&quot;100&quot;&gt;\1&lt;/rating&gt;&lt;votes&gt;\2&lt;/votes&gt;&lt;/details&gt;" dest="5">
			<expression noclean="1">&quot;top-critics-numbers&quot;.*?([0-9]+).*?Critic Reviews: ([0-9]+)</expression>
		</RegExp>
	</ParseRTTomTop>

	<!-- Average Rating from All Critics -->
	<ParseRTAveAll dest="5">
		<RegExp input="$$1" output="&lt;details&gt;&lt;rating&gt;\1&lt;/rating&gt;&lt;votes&gt;\2&lt;/votes&gt;&lt;/details&gt;" dest="5">
			<expression noclean="1">&quot;all-critics-numbers&quot;.*?Average.*?([0-9.]+).*?Reviews Counted:.*?([0-9]+)</expression>
		</RegExp>
	</ParseRTAveAll>

	<!-- Average Rating from Top Critics -->
	<ParseRTAveTop dest="5">
		<!--Grabs All Critics first in case Top Critics is empty-->
		<RegExp input="$$1" output="&lt;details&gt;&lt;rating&gt;\1&lt;/rating&gt;&lt;votes&gt;\2&lt;/votes&gt;&lt;/details&gt;" dest="5">
			<expression noclean="1">&quot;all-critics-numbers&quot;.*?Average.*?([0-9.]+).*?Reviews Counted:.*?([0-9]+)</expression>
		</RegExp>
		<RegExp input="$$1" output="&lt;details&gt;&lt;rating&gt;\1&lt;/rating&gt;&lt;votes&gt;\2&lt;/votes&gt;&lt;/details&gt;" dest="5">
			<expression noclean="1">&quot;top-critics-numbers&quot;.*?Average.*?([0-9.]+).*?Critic Reviews: ([0-9]+)</expression>
		</RegExp>
	</ParseRTAveTop>

	<!-- Critics' Consensus -->
	<ParseRTOutline dest="5">
		<RegExp input="$$1" output="&lt;details&gt;&lt;outline&gt;\1&lt;/outline&gt;&lt;/details&gt;" dest="5">
			<expression noclean="1">critic_consensus&quot;&gt;([^&lt;]+)&lt;/p&gt;</expression>
		</RegExp>
		<RegExp input="$$5" output="" dest="5">
			<expression>&lt;details&gt;&lt;outline&gt;No consensus yet.&lt;/outline&gt;&lt;/details&gt;</expression>
		</RegExp>
	</ParseRTOutline>
</scraperfunctions>