<?xml version="1.0" encoding="UTF-8" standalone="yes"?>
<addon id="metadata.imdbrt.com"
       name="IMDb + RT"
       version="1.5.2"
       provider-name="mortstar (IMDb by Team XBMC)">
  <requires>
	<import addon="xbmc.metadata" version="1.0"/>
	<import addon="metadata.common.themoviedb.org" version="2.1.2"/>
	<import addon="metadata.common.movieposterdb.com" version="1.0.5"/>
	<import addon="metadata.common.imdb.com" version="2.1.9"/>
	<import addon="metadata.common.impa.com" version="1.0.3"/>
	<import addon="metadata.common.hdtrailers.net" version="1.0.7"/>
	<import addon="metadata.common.youtubetrailers" version="1.0.4"/>
	<import addon="metadata.common.rt.com" version="1.2.0"/>
  </requires>
  <extension point="xbmc.metadata.scraper.movies"
             language="en"
             library="imdbrt.xml"/>
  <extension point="xbmc.addon.metadata">
    <summary lang="en">Movie information from IMDb + ratings from Rotten Tomatoes</summary>
    <description lang="en">The Internet Movie Database (IMDb) is a HUGE collection of movie information, this addon will gather this data to populate your movie library. Rotten Tomatoes aggregates the reviews from movie critics and provides various ratings and other data which can supplement IMDb's information</description>
    <platform>all</platform>
  </extension>
</addon>